model,location,target_type,weights,forecast_date
mech_ensemble,CZ,Cases,0.453427465555627,2021-04-12
mech_ensemble,CZ,Deaths,0.22588816696911,2021-04-12
mech_ensemble,DE,Cases,0.378786481505527,2021-04-12
mech_ensemble,DE,Deaths,0.466866167537283,2021-04-12
mech_ensemble,FR,Cases,0.367814771787057,2021-04-12
mech_ensemble,FR,Deaths,0.375078458217973,2021-04-12
mech_ensemble,GB,Cases,0.53157815108134,2021-04-12
mech_ensemble,GB,Deaths,0.326203433372132,2021-04-12
mech_ensemble,PL,Cases,0.51985695287041,2021-04-12
mech_ensemble,PL,Deaths,0.48545932108095,2021-04-12
semi_ensemble,CZ,Cases,0.546572534444373,2021-04-12
semi_ensemble,CZ,Deaths,0.597198313719849,2021-04-12
semi_ensemble,DE,Cases,0.346246965989248,2021-04-12
semi_ensemble,DE,Deaths,0.227078587102405,2021-04-12
semi_ensemble,FR,Cases,0.357657302486593,2021-04-12
semi_ensemble,FR,Deaths,0.380598020266155,2021-04-12
semi_ensemble,GB,Cases,0.46842184891866,2021-04-12
semi_ensemble,GB,Deaths,0.275890660323681,2021-04-12
semi_ensemble,PL,Cases,0.48014304712959,2021-04-12
semi_ensemble,PL,Deaths,0.302906837236196,2021-04-12
stat_ensemble,CZ,Deaths,0.17691351931104,2021-04-12
stat_ensemble,DE,Cases,0.274966552505225,2021-04-12
stat_ensemble,DE,Deaths,0.306055245360313,2021-04-12
stat_ensemble,FR,Cases,0.274527925726349,2021-04-12
stat_ensemble,FR,Deaths,0.244323521515872,2021-04-12
stat_ensemble,GB,Deaths,0.397905906304187,2021-04-12
stat_ensemble,PL,Deaths,0.211633841682855,2021-04-12
mech_ensemble,CZ,Cases,0.341452318453104,2021-04-19
mech_ensemble,CZ,Deaths,0.231017546302857,2021-04-19
mech_ensemble,DE,Cases,0.338689918776535,2021-04-19
mech_ensemble,DE,Deaths,0.474649675880847,2021-04-19
mech_ensemble,FR,Cases,0.330488722670949,2021-04-19
mech_ensemble,FR,Deaths,0.397769540946344,2021-04-19
mech_ensemble,GB,Cases,0.549446107922312,2021-04-19
mech_ensemble,GB,Deaths,0.302114541558124,2021-04-19
mech_ensemble,PL,Cases,0.456156820021768,2021-04-19
mech_ensemble,PL,Deaths,0.492833609887338,2021-04-19
semi_ensemble,CZ,Cases,0.658547681546896,2021-04-19
semi_ensemble,CZ,Deaths,0.58481942224514,2021-04-19
semi_ensemble,DE,Cases,0.339799346381054,2021-04-19
semi_ensemble,DE,Deaths,0.274178120076041,2021-04-19
semi_ensemble,FR,Cases,0.319031356162224,2021-04-19
semi_ensemble,FR,Deaths,0.269254696491482,2021-04-19
semi_ensemble,GB,Cases,0.450553892077688,2021-04-19
semi_ensemble,GB,Deaths,0.291780264156178,2021-04-19
semi_ensemble,PL,Cases,0.543843179978232,2021-04-19
semi_ensemble,PL,Deaths,0.263425891868077,2021-04-19
stat_ensemble,CZ,Deaths,0.184163031452002,2021-04-19
stat_ensemble,DE,Cases,0.321510734842411,2021-04-19
stat_ensemble,DE,Deaths,0.251172204043112,2021-04-19
stat_ensemble,FR,Cases,0.350479921166827,2021-04-19
stat_ensemble,FR,Deaths,0.332975762562174,2021-04-19
stat_ensemble,GB,Deaths,0.406105194285698,2021-04-19
stat_ensemble,PL,Deaths,0.243740498244585,2021-04-19
mech_ensemble,CZ,Cases,0.326878090940366,2021-04-26
mech_ensemble,CZ,Deaths,0.32659784909492,2021-04-26
mech_ensemble,DE,Cases,0.390797403517536,2021-04-26
mech_ensemble,DE,Deaths,0.464880157838173,2021-04-26
mech_ensemble,FR,Cases,0.377421422481162,2021-04-26
mech_ensemble,FR,Deaths,0.231188787499831,2021-04-26
mech_ensemble,GB,Cases,0.523033527179647,2021-04-26
mech_ensemble,GB,Deaths,0.218943041399367,2021-04-26
mech_ensemble,PL,Cases,0.356925832261292,2021-04-26
mech_ensemble,PL,Deaths,0.378285970641445,2021-04-26
semi_ensemble,CZ,Cases,0.673121909059635,2021-04-26
semi_ensemble,CZ,Deaths,0.51262597922158,2021-04-26
semi_ensemble,DE,Cases,0.320601200417171,2021-04-26
semi_ensemble,DE,Deaths,0.371777251690074,2021-04-26
semi_ensemble,FR,Cases,0.345297808040081,2021-04-26
semi_ensemble,FR,Deaths,0.116844283855465,2021-04-26
semi_ensemble,GB,Cases,0.476966472820353,2021-04-26
semi_ensemble,GB,Deaths,0.319537742350246,2021-04-26
semi_ensemble,PL,Cases,0.643074167738708,2021-04-26
semi_ensemble,PL,Deaths,0.297511378812947,2021-04-26
stat_ensemble,CZ,Deaths,0.160776171683501,2021-04-26
stat_ensemble,DE,Cases,0.288601396065293,2021-04-26
stat_ensemble,DE,Deaths,0.163342590471753,2021-04-26
stat_ensemble,FR,Cases,0.277280769478757,2021-04-26
stat_ensemble,FR,Deaths,0.651966928644705,2021-04-26
stat_ensemble,GB,Deaths,0.461519216250386,2021-04-26
stat_ensemble,PL,Deaths,0.324202650545608,2021-04-26
mech_ensemble,CZ,Cases,0.46055723503812,2021-05-03
mech_ensemble,CZ,Deaths,0.240227364680729,2021-05-03
mech_ensemble,DE,Cases,0.411855817444708,2021-05-03
mech_ensemble,DE,Deaths,0.4245665665063,2021-05-03
mech_ensemble,FR,Cases,0.363088168782221,2021-05-03
mech_ensemble,FR,Deaths,0.185949565308661,2021-05-03
mech_ensemble,GB,Cases,0.572323001333587,2021-05-03
mech_ensemble,GB,Deaths,0.31464515629158,2021-05-03
mech_ensemble,PL,Cases,0.230432763225285,2021-05-03
mech_ensemble,PL,Deaths,0.313138703904769,2021-05-03
semi_ensemble,CZ,Cases,0.53944276496188,2021-05-03
semi_ensemble,CZ,Deaths,0.341207556131276,2021-05-03
semi_ensemble,DE,Cases,0.345953063707066,2021-05-03
semi_ensemble,DE,Deaths,0.405618638217756,2021-05-03
semi_ensemble,FR,Cases,0.4222400387044,2021-05-03
semi_ensemble,FR,Deaths,0.172935387540254,2021-05-03
semi_ensemble,GB,Cases,0.427676998666413,2021-05-03
semi_ensemble,GB,Deaths,0.432923266804565,2021-05-03
semi_ensemble,PL,Cases,0.769567236774715,2021-05-03
semi_ensemble,PL,Deaths,0.474675780972919,2021-05-03
stat_ensemble,CZ,Deaths,0.418565079187995,2021-05-03
stat_ensemble,DE,Cases,0.242191118848227,2021-05-03
stat_ensemble,DE,Deaths,0.169814795275945,2021-05-03
stat_ensemble,FR,Cases,0.21467179251338,2021-05-03
stat_ensemble,FR,Deaths,0.641115047151085,2021-05-03
stat_ensemble,GB,Deaths,0.252431576903855,2021-05-03
stat_ensemble,PL,Deaths,0.212185515122312,2021-05-03
mech_ensemble,CZ,Cases,0.528516714540767,2021-05-10
mech_ensemble,CZ,Deaths,0.317939400464521,2021-05-10
mech_ensemble,DE,Cases,0.312501244134239,2021-05-10
mech_ensemble,DE,Deaths,0.406633816500001,2021-05-10
mech_ensemble,FR,Cases,0.418469722788082,2021-05-10
mech_ensemble,FR,Deaths,0.235181622598814,2021-05-10
mech_ensemble,GB,Cases,0.637936791474506,2021-05-10
mech_ensemble,GB,Deaths,0.366672915823997,2021-05-10
mech_ensemble,PL,Cases,0.264143162476464,2021-05-10
mech_ensemble,PL,Deaths,0.371365471788526,2021-05-10
semi_ensemble,CZ,Cases,0.471483285459233,2021-05-10
semi_ensemble,CZ,Deaths,0.352430764905854,2021-05-10
semi_ensemble,DE,Cases,0.249379203885349,2021-05-10
semi_ensemble,DE,Deaths,0.247679774422596,2021-05-10
semi_ensemble,FR,Cases,0.414840162660089,2021-05-10
semi_ensemble,FR,Deaths,0.166396249761552,2021-05-10
semi_ensemble,GB,Cases,0.362063208525495,2021-05-10
semi_ensemble,GB,Deaths,0.407928746677069,2021-05-10
semi_ensemble,PL,Cases,0.735856837523536,2021-05-10
semi_ensemble,PL,Deaths,0.532669310163652,2021-05-10
stat_ensemble,CZ,Deaths,0.329629834629625,2021-05-10
stat_ensemble,DE,Cases,0.438119551980412,2021-05-10
stat_ensemble,DE,Deaths,0.345686409077404,2021-05-10
stat_ensemble,FR,Cases,0.166690114551829,2021-05-10
stat_ensemble,FR,Deaths,0.598422127639634,2021-05-10
stat_ensemble,GB,Deaths,0.225398337498935,2021-05-10
stat_ensemble,PL,Deaths,0.0959652180478229,2021-05-10
mech_ensemble,CZ,Cases,0.435089432853743,2021-05-17
mech_ensemble,CZ,Deaths,0.361573125503271,2021-05-17
mech_ensemble,DE,Cases,0.249962441688284,2021-05-17
mech_ensemble,DE,Deaths,0.410198091142179,2021-05-17
mech_ensemble,FR,Cases,0.471884544262653,2021-05-17
mech_ensemble,FR,Deaths,0.288575385136915,2021-05-17
mech_ensemble,GB,Cases,0.56227540070706,2021-05-17
mech_ensemble,GB,Deaths,0.343473158200134,2021-05-17
mech_ensemble,PL,Cases,0.191635689715242,2021-05-17
mech_ensemble,PL,Deaths,0.404508998213526,2021-05-17
semi_ensemble,CZ,Cases,0.564910567146257,2021-05-17
semi_ensemble,CZ,Deaths,0.374743446460781,2021-05-17
semi_ensemble,DE,Cases,0.246211356903708,2021-05-17
semi_ensemble,DE,Deaths,0.201924237680915,2021-05-17
semi_ensemble,FR,Cases,0.406378515461508,2021-05-17
semi_ensemble,FR,Deaths,0.196056550560362,2021-05-17
semi_ensemble,GB,Cases,0.43772459929294,2021-05-17
semi_ensemble,GB,Deaths,0.41692151896199,2021-05-17
semi_ensemble,PL,Cases,0.808364310284758,2021-05-17
semi_ensemble,PL,Deaths,0.514652164030221,2021-05-17
stat_ensemble,CZ,Deaths,0.263683428035948,2021-05-17
stat_ensemble,DE,Cases,0.503826201408008,2021-05-17
stat_ensemble,DE,Deaths,0.387877671176906,2021-05-17
stat_ensemble,FR,Cases,0.121736940275839,2021-05-17
stat_ensemble,FR,Deaths,0.515368064302723,2021-05-17
stat_ensemble,GB,Deaths,0.239605322837875,2021-05-17
stat_ensemble,PL,Deaths,0.0808388377562535,2021-05-17
mech_ensemble,CZ,Cases,0.321193240298624,2021-05-24
mech_ensemble,CZ,Deaths,0.27609249058089,2021-05-24
mech_ensemble,DE,Cases,0.258897176441661,2021-05-24
mech_ensemble,DE,Deaths,0.410119598306643,2021-05-24
mech_ensemble,FR,Cases,0.324552639031628,2021-05-24
mech_ensemble,FR,Deaths,0.264412127848233,2021-05-24
mech_ensemble,GB,Cases,0.542123946594382,2021-05-24
mech_ensemble,GB,Deaths,0.284907402134085,2021-05-24
mech_ensemble,PL,Cases,0.19004005926994,2021-05-24
mech_ensemble,PL,Deaths,0.477518222491121,2021-05-24
semi_ensemble,CZ,Cases,0.678806759701376,2021-05-24
semi_ensemble,CZ,Deaths,0.367457799678722,2021-05-24
semi_ensemble,DE,Cases,0.309456622237746,2021-05-24
semi_ensemble,DE,Deaths,0.252277511410637,2021-05-24
semi_ensemble,FR,Cases,0.573293220376414,2021-05-24
semi_ensemble,FR,Deaths,0.353510532575047,2021-05-24
semi_ensemble,GB,Cases,0.457876053405618,2021-05-24
semi_ensemble,GB,Deaths,0.387549991135075,2021-05-24
semi_ensemble,PL,Cases,0.80995994073006,2021-05-24
semi_ensemble,PL,Deaths,0.421166611404438,2021-05-24
stat_ensemble,CZ,Deaths,0.356449709740388,2021-05-24
stat_ensemble,DE,Cases,0.431646201320593,2021-05-24
stat_ensemble,DE,Deaths,0.337602890282721,2021-05-24
stat_ensemble,FR,Cases,0.102154140591958,2021-05-24
stat_ensemble,FR,Deaths,0.38207733957672,2021-05-24
stat_ensemble,GB,Deaths,0.327542606730841,2021-05-24
stat_ensemble,PL,Deaths,0.10131516610444,2021-05-24
mech_ensemble,CZ,Cases,0.178329991139522,2021-05-31
mech_ensemble,CZ,Deaths,0.254772280691051,2021-05-31
mech_ensemble,DE,Cases,0.301001731796659,2021-05-31
mech_ensemble,DE,Deaths,0.448348213120794,2021-05-31
mech_ensemble,FR,Cases,0.373978789594589,2021-05-31
mech_ensemble,FR,Deaths,0.319363130941434,2021-05-31
mech_ensemble,GB,Cases,0.348512457516251,2021-05-31
mech_ensemble,GB,Deaths,0.344089618307956,2021-05-31
mech_ensemble,PL,Cases,0.170986918196848,2021-05-31
mech_ensemble,PL,Deaths,0.497007413453853,2021-05-31
semi_ensemble,CZ,Cases,0.425606099518122,2021-05-31
semi_ensemble,CZ,Deaths,0.359633317640196,2021-05-31
semi_ensemble,DE,Cases,0.399420935202635,2021-05-31
semi_ensemble,DE,Deaths,0.280434033149621,2021-05-31
semi_ensemble,FR,Cases,0.506154217971926,2021-05-31
semi_ensemble,FR,Deaths,0.351844182168732,2021-05-31
semi_ensemble,GB,Cases,0.337946579946529,2021-05-31
semi_ensemble,GB,Deaths,0.405537554524405,2021-05-31
semi_ensemble,PL,Cases,0.474789944649891,2021-05-31
semi_ensemble,PL,Deaths,0.357854979567685,2021-05-31
stat_ensemble,CZ,Cases,0.396063909342355,2021-05-31
stat_ensemble,CZ,Deaths,0.385594401668754,2021-05-31
stat_ensemble,DE,Cases,0.299577333000705,2021-05-31
stat_ensemble,DE,Deaths,0.271217753729585,2021-05-31
stat_ensemble,FR,Cases,0.119866992433485,2021-05-31
stat_ensemble,FR,Deaths,0.328792686889835,2021-05-31
stat_ensemble,GB,Cases,0.31354096253722,2021-05-31
stat_ensemble,GB,Deaths,0.250372827167639,2021-05-31
stat_ensemble,PL,Cases,0.354223137153262,2021-05-31
stat_ensemble,PL,Deaths,0.145137606978462,2021-05-31
mech_ensemble,CZ,Cases,0.177257798801106,2021-06-07
mech_ensemble,CZ,Deaths,0.248870132893421,2021-06-07
mech_ensemble,DE,Cases,0.312544456426863,2021-06-07
mech_ensemble,DE,Deaths,0.534712338238382,2021-06-07
mech_ensemble,FR,Cases,0.277044492457835,2021-06-07
mech_ensemble,FR,Deaths,0.310866185160339,2021-06-07
mech_ensemble,GB,Cases,0.317370531071968,2021-06-07
mech_ensemble,GB,Deaths,0.390203287158125,2021-06-07
mech_ensemble,PL,Cases,0.166357756995051,2021-06-07
mech_ensemble,PL,Deaths,0.366844833653825,2021-06-07
semi_ensemble,CZ,Cases,0.505522684961931,2021-06-07
semi_ensemble,CZ,Deaths,0.378109427983047,2021-06-07
semi_ensemble,DE,Cases,0.289830003689427,2021-06-07
semi_ensemble,DE,Deaths,0.297785204839785,2021-06-07
semi_ensemble,FR,Cases,0.306793088966091,2021-06-07
semi_ensemble,FR,Deaths,0.365947662953367,2021-06-07
semi_ensemble,GB,Cases,0.326616970653016,2021-06-07
semi_ensemble,GB,Deaths,0.41585127245392,2021-06-07
semi_ensemble,PL,Cases,0.470884437525839,2021-06-07
semi_ensemble,PL,Deaths,0.418040032107628,2021-06-07
stat_ensemble,CZ,Cases,0.317219516236963,2021-06-07
stat_ensemble,CZ,Deaths,0.373020439123532,2021-06-07
stat_ensemble,DE,Cases,0.39762553988371,2021-06-07
stat_ensemble,DE,Deaths,0.167502456921833,2021-06-07
stat_ensemble,FR,Cases,0.416162418576075,2021-06-07
stat_ensemble,FR,Deaths,0.323186151886294,2021-06-07
stat_ensemble,GB,Cases,0.356012498275016,2021-06-07
stat_ensemble,GB,Deaths,0.193945440387955,2021-06-07
stat_ensemble,PL,Cases,0.36275780547911,2021-06-07
stat_ensemble,PL,Deaths,0.215115134238547,2021-06-07
mech_ensemble,CZ,Cases,0.208739394706756,2021-06-14
mech_ensemble,CZ,Deaths,0.285681702291048,2021-06-14
mech_ensemble,DE,Cases,0.316412040083135,2021-06-14
mech_ensemble,DE,Deaths,0.539120030519595,2021-06-14
mech_ensemble,FR,Cases,0.336820850268446,2021-06-14
mech_ensemble,FR,Deaths,0.401379539711153,2021-06-14
mech_ensemble,GB,Cases,0.290033916504693,2021-06-14
mech_ensemble,GB,Deaths,0.436268465483476,2021-06-14
mech_ensemble,PL,Cases,0.134495113947827,2021-06-14
mech_ensemble,PL,Deaths,0.285062631843872,2021-06-14
semi_ensemble,CZ,Cases,0.536433030038805,2021-06-14
semi_ensemble,CZ,Deaths,0.367319567015367,2021-06-14
semi_ensemble,DE,Cases,0.214522543069244,2021-06-14
semi_ensemble,DE,Deaths,0.294730332947647,2021-06-14
semi_ensemble,FR,Cases,0.232295294895514,2021-06-14
semi_ensemble,FR,Deaths,0.321795793621546,2021-06-14
semi_ensemble,GB,Cases,0.34803464076895,2021-06-14
semi_ensemble,GB,Deaths,0.397911490029915,2021-06-14
semi_ensemble,PL,Cases,0.512864046042249,2021-06-14
semi_ensemble,PL,Deaths,0.404270941981066,2021-06-14
stat_ensemble,CZ,Cases,0.25482757525444,2021-06-14
stat_ensemble,CZ,Deaths,0.346998730693585,2021-06-14
stat_ensemble,DE,Cases,0.469065416847621,2021-06-14
stat_ensemble,DE,Deaths,0.166149636532758,2021-06-14
stat_ensemble,FR,Cases,0.43088385483604,2021-06-14
stat_ensemble,FR,Deaths,0.276824666667301,2021-06-14
stat_ensemble,GB,Cases,0.361931442726357,2021-06-14
stat_ensemble,GB,Deaths,0.165820044486609,2021-06-14
stat_ensemble,PL,Cases,0.352640840009924,2021-06-14
stat_ensemble,PL,Deaths,0.310666426175062,2021-06-14
mech_ensemble,CZ,Cases,0.237468886939759,2021-06-21
mech_ensemble,CZ,Deaths,0.356457972335652,2021-06-21
mech_ensemble,DE,Cases,0.24810203909156,2021-06-21
mech_ensemble,DE,Deaths,0.500600850934352,2021-06-21
mech_ensemble,FR,Cases,0.412170796649294,2021-06-21
mech_ensemble,FR,Deaths,0.402902074857897,2021-06-21
mech_ensemble,GB,Cases,0.296828425512055,2021-06-21
mech_ensemble,GB,Deaths,0.437731612865708,2021-06-21
mech_ensemble,PL,Cases,0.182718106861101,2021-06-21
mech_ensemble,PL,Deaths,0.357000931550151,2021-06-21
semi_ensemble,CZ,Cases,0.561185395973545,2021-06-21
semi_ensemble,CZ,Deaths,0.349417884683457,2021-06-21
semi_ensemble,DE,Cases,0.298746263607468,2021-06-21
semi_ensemble,DE,Deaths,0.315892659068413,2021-06-21
semi_ensemble,FR,Cases,0.265826286799677,2021-06-21
semi_ensemble,FR,Deaths,0.305618782983632,2021-06-21
semi_ensemble,GB,Cases,0.345098698096696,2021-06-21
semi_ensemble,GB,Deaths,0.374512386267507,2021-06-21
semi_ensemble,PL,Cases,0.614779694558918,2021-06-21
semi_ensemble,PL,Deaths,0.361941704564245,2021-06-21
stat_ensemble,CZ,Cases,0.201345717086696,2021-06-21
stat_ensemble,CZ,Deaths,0.294124142980891,2021-06-21
stat_ensemble,DE,Cases,0.453151697300971,2021-06-21
stat_ensemble,DE,Deaths,0.183506489997235,2021-06-21
stat_ensemble,FR,Cases,0.322002916551029,2021-06-21
stat_ensemble,FR,Deaths,0.291479142158471,2021-06-21
stat_ensemble,GB,Cases,0.358072876391249,2021-06-21
stat_ensemble,GB,Deaths,0.187756000866785,2021-06-21
stat_ensemble,PL,Cases,0.202502198579981,2021-06-21
stat_ensemble,PL,Deaths,0.281057363885605,2021-06-21
mech_ensemble,CZ,Cases,0.445919276852109,2021-06-28
mech_ensemble,CZ,Deaths,0.356014583942775,2021-06-28
mech_ensemble,DE,Cases,0.250362764285671,2021-06-28
mech_ensemble,DE,Deaths,0.460764593711318,2021-06-28
mech_ensemble,FR,Cases,0.255598989464161,2021-06-28
mech_ensemble,FR,Deaths,0.397585374652449,2021-06-28
mech_ensemble,GB,Cases,0.310234508539383,2021-06-28
mech_ensemble,GB,Deaths,0.419888463652773,2021-06-28
mech_ensemble,PL,Cases,0.428423169841625,2021-06-28
mech_ensemble,PL,Deaths,0.457419772651335,2021-06-28
semi_ensemble,CZ,Cases,0.435573663464877,2021-06-28
semi_ensemble,CZ,Deaths,0.354570848021108,2021-06-28
semi_ensemble,DE,Cases,0.43657124613332,2021-06-28
semi_ensemble,DE,Deaths,0.29944905992823,2021-06-28
semi_ensemble,FR,Cases,0.52652884919498,2021-06-28
semi_ensemble,FR,Deaths,0.379723978776321,2021-06-28
semi_ensemble,GB,Cases,0.433574185077969,2021-06-28
semi_ensemble,GB,Deaths,0.361572651278231,2021-06-28
semi_ensemble,PL,Cases,0.475993157745415,2021-06-28
semi_ensemble,PL,Deaths,0.273129036174058,2021-06-28
stat_ensemble,CZ,Cases,0.118507059683015,2021-06-28
stat_ensemble,CZ,Deaths,0.289414568036117,2021-06-28
stat_ensemble,DE,Cases,0.313065989581009,2021-06-28
stat_ensemble,DE,Deaths,0.239786346360452,2021-06-28
stat_ensemble,FR,Cases,0.217872161340859,2021-06-28
stat_ensemble,FR,Deaths,0.22269064657123,2021-06-28
stat_ensemble,GB,Cases,0.256191306382648,2021-06-28
stat_ensemble,GB,Deaths,0.218538885068996,2021-06-28
stat_ensemble,PL,Cases,0.0955836724129595,2021-06-28
stat_ensemble,PL,Deaths,0.269451191174607,2021-06-28
mech_ensemble,CZ,Cases,0.444767224377543,2021-07-05
mech_ensemble,CZ,Deaths,0.362406318123212,2021-07-05
mech_ensemble,DE,Cases,0.295374657684384,2021-07-05
mech_ensemble,DE,Deaths,0.418633522532435,2021-07-05
mech_ensemble,FR,Cases,0.268400193675845,2021-07-05
mech_ensemble,FR,Deaths,0.355969190423523,2021-07-05
mech_ensemble,GB,Cases,0.336847480995078,2021-07-05
mech_ensemble,GB,Deaths,0.348042510204289,2021-07-05
mech_ensemble,PL,Cases,0.485427205892407,2021-07-05
mech_ensemble,PL,Deaths,0.580913672562693,2021-07-05
semi_ensemble,CZ,Cases,0.400861630268278,2021-07-05
semi_ensemble,CZ,Deaths,0.364253495830673,2021-07-05
semi_ensemble,DE,Cases,0.428772668154178,2021-07-05
semi_ensemble,DE,Deaths,0.308286462323031,2021-07-05
semi_ensemble,FR,Cases,0.551522987537357,2021-07-05
semi_ensemble,FR,Deaths,0.415609899112959,2021-07-05
semi_ensemble,GB,Cases,0.475306308722862,2021-07-05
semi_ensemble,GB,Deaths,0.336694565229716,2021-07-05
semi_ensemble,PL,Cases,0.44216956284491,2021-07-05
semi_ensemble,PL,Deaths,0.231027281296039,2021-07-05
stat_ensemble,CZ,Cases,0.154371145354179,2021-07-05
stat_ensemble,CZ,Deaths,0.273340186046115,2021-07-05
stat_ensemble,DE,Cases,0.275852674161438,2021-07-05
stat_ensemble,DE,Deaths,0.273080015144535,2021-07-05
stat_ensemble,FR,Cases,0.180076818786798,2021-07-05
stat_ensemble,FR,Deaths,0.228420910463518,2021-07-05
stat_ensemble,GB,Cases,0.187846210282059,2021-07-05
stat_ensemble,GB,Deaths,0.315262924565995,2021-07-05
stat_ensemble,PL,Cases,0.0724032312626834,2021-07-05
stat_ensemble,PL,Deaths,0.188059046141268,2021-07-05
mech_ensemble,CZ,Cases,0.381724093141814,2021-07-12
mech_ensemble,CZ,Deaths,0.348270657269903,2021-07-12
mech_ensemble,DE,Cases,0.337697363744047,2021-07-12
mech_ensemble,DE,Deaths,0.435818423440608,2021-07-12
mech_ensemble,FR,Cases,0.347646888747638,2021-07-12
mech_ensemble,FR,Deaths,0.280933727081655,2021-07-12
mech_ensemble,GB,Cases,0.28563529404568,2021-07-12
mech_ensemble,GB,Deaths,0.422680625425754,2021-07-12
mech_ensemble,PL,Cases,0.421022834034106,2021-07-12
mech_ensemble,PL,Deaths,0.573794400934223,2021-07-12
semi_ensemble,CZ,Cases,0.328693478388493,2021-07-12
semi_ensemble,CZ,Deaths,0.407126950312428,2021-07-12
semi_ensemble,DE,Cases,0.353214503738471,2021-07-12
semi_ensemble,DE,Deaths,0.286957656303387,2021-07-12
semi_ensemble,FR,Cases,0.333298746346627,2021-07-12
semi_ensemble,FR,Deaths,0.443491258222361,2021-07-12
semi_ensemble,GB,Cases,0.54209901663255,2021-07-12
semi_ensemble,GB,Deaths,0.280447911822422,2021-07-12
semi_ensemble,PL,Cases,0.522076688508186,2021-07-12
semi_ensemble,PL,Deaths,0.314215562711441,2021-07-12
stat_ensemble,CZ,Cases,0.289582428469693,2021-07-12
stat_ensemble,CZ,Deaths,0.24460239241767,2021-07-12
stat_ensemble,DE,Cases,0.309088132517482,2021-07-12
stat_ensemble,DE,Deaths,0.277223920256005,2021-07-12
stat_ensemble,FR,Cases,0.319054364905735,2021-07-12
stat_ensemble,FR,Deaths,0.275575014695984,2021-07-12
stat_ensemble,GB,Cases,0.17226568932177,2021-07-12
stat_ensemble,GB,Deaths,0.296871462751824,2021-07-12
stat_ensemble,PL,Cases,0.0569004774577083,2021-07-12
stat_ensemble,PL,Deaths,0.111990036354336,2021-07-12
mech_ensemble,CZ,Cases,0.330305735956194,2021-07-19
mech_ensemble,CZ,Deaths,0.37099033186414,2021-07-19
mech_ensemble,DE,Cases,0.36931667114439,2021-07-19
mech_ensemble,DE,Deaths,0.443686414717656,2021-07-19
mech_ensemble,FR,Cases,0.333191718103108,2021-07-19
mech_ensemble,FR,Deaths,0.372703630376236,2021-07-19
mech_ensemble,GB,Cases,0.312211629249594,2021-07-19
mech_ensemble,GB,Deaths,0.475328686669425,2021-07-19
mech_ensemble,PL,Cases,0.631182620811094,2021-07-19
mech_ensemble,PL,Deaths,0.487714202654275,2021-07-19
semi_ensemble,CZ,Cases,0.299754918226707,2021-07-19
semi_ensemble,CZ,Deaths,0.335252940186437,2021-07-19
semi_ensemble,DE,Cases,0.27930123969391,2021-07-19
semi_ensemble,DE,Deaths,0.351091909531859,2021-07-19
semi_ensemble,FR,Cases,0.310676287085789,2021-07-19
semi_ensemble,FR,Deaths,0.357071300524501,2021-07-19
semi_ensemble,GB,Cases,0.515113022016228,2021-07-19
semi_ensemble,GB,Deaths,0.294512744837982,2021-07-19
semi_ensemble,PL,Cases,0.30733845520169,2021-07-19
semi_ensemble,PL,Deaths,0.363456690355521,2021-07-19
stat_ensemble,CZ,Cases,0.369939345817099,2021-07-19
stat_ensemble,CZ,Deaths,0.293756727949423,2021-07-19
stat_ensemble,DE,Cases,0.3513820891617,2021-07-19
stat_ensemble,DE,Deaths,0.205221675750485,2021-07-19
stat_ensemble,FR,Cases,0.356131994811103,2021-07-19
stat_ensemble,FR,Deaths,0.270225069099263,2021-07-19
stat_ensemble,GB,Cases,0.172675348734178,2021-07-19
stat_ensemble,GB,Deaths,0.230158568492593,2021-07-19
stat_ensemble,PL,Cases,0.0614789239872161,2021-07-19
stat_ensemble,PL,Deaths,0.148829106990204,2021-07-19
mech_ensemble,CZ,Cases,0.341662370112555,2021-07-26
mech_ensemble,CZ,Deaths,0.351765328716228,2021-07-26
mech_ensemble,DE,Cases,0.334907126110898,2021-07-26
mech_ensemble,DE,Deaths,0.394579561207182,2021-07-26
mech_ensemble,FR,Cases,0.307068243653239,2021-07-26
mech_ensemble,FR,Deaths,0.47108560613071,2021-07-26
mech_ensemble,GB,Cases,0.424375465036164,2021-07-26
mech_ensemble,GB,Deaths,0.456214413460874,2021-07-26
mech_ensemble,PL,Cases,0.54316068636794,2021-07-26
mech_ensemble,PL,Deaths,0.390687151868966,2021-07-26
semi_ensemble,CZ,Cases,0.348705267364647,2021-07-26
semi_ensemble,CZ,Deaths,0.354854892541157,2021-07-26
semi_ensemble,DE,Cases,0.290095017886936,2021-07-26
semi_ensemble,DE,Deaths,0.302260532935,2021-07-26
semi_ensemble,FR,Cases,0.329554516950619,2021-07-26
semi_ensemble,FR,Deaths,0.250336151720012,2021-07-26
semi_ensemble,GB,Cases,0.32638074181259,2021-07-26
semi_ensemble,GB,Deaths,0.33582681633194,2021-07-26
semi_ensemble,PL,Cases,0.324411376843921,2021-07-26
semi_ensemble,PL,Deaths,0.447422707454145,2021-07-26
stat_ensemble,CZ,Cases,0.309632362522798,2021-07-26
stat_ensemble,CZ,Deaths,0.293379778742615,2021-07-26
stat_ensemble,DE,Cases,0.374997856002166,2021-07-26
stat_ensemble,DE,Deaths,0.303159905857818,2021-07-26
stat_ensemble,FR,Cases,0.363377239396142,2021-07-26
stat_ensemble,FR,Deaths,0.278578242149279,2021-07-26
stat_ensemble,GB,Cases,0.249243793151246,2021-07-26
stat_ensemble,GB,Deaths,0.207958770207186,2021-07-26
stat_ensemble,PL,Cases,0.132427936788139,2021-07-26
stat_ensemble,PL,Deaths,0.161890140676889,2021-07-26
mech_ensemble,CZ,Cases,0.300001487019191,2021-08-02
mech_ensemble,CZ,Deaths,0.396963579078553,2021-08-02
mech_ensemble,DE,Cases,0.337122030563728,2021-08-02
mech_ensemble,DE,Deaths,0.426301131847439,2021-08-02
mech_ensemble,FR,Cases,0.281418327942184,2021-08-02
mech_ensemble,FR,Deaths,0.469190446342722,2021-08-02
mech_ensemble,GB,Cases,0.29893014481413,2021-08-02
mech_ensemble,GB,Deaths,0.494313374098963,2021-08-02
mech_ensemble,PL,Cases,0.469592669048592,2021-08-02
mech_ensemble,PL,Deaths,0.375230875220342,2021-08-02
semi_ensemble,CZ,Cases,0.446025170626633,2021-08-02
semi_ensemble,CZ,Deaths,0.317994336250978,2021-08-02
semi_ensemble,DE,Cases,0.332440224828139,2021-08-02
semi_ensemble,DE,Deaths,0.294204160127338,2021-08-02
semi_ensemble,FR,Cases,0.330356553391143,2021-08-02
semi_ensemble,FR,Deaths,0.247878982887438,2021-08-02
semi_ensemble,GB,Cases,0.228654746261371,2021-08-02
semi_ensemble,GB,Deaths,0.304794757763419,2021-08-02
semi_ensemble,PL,Cases,0.379829045626072,2021-08-02
semi_ensemble,PL,Deaths,0.465614247757458,2021-08-02
stat_ensemble,CZ,Cases,0.253973342354176,2021-08-02
stat_ensemble,CZ,Deaths,0.285042084670469,2021-08-02
stat_ensemble,DE,Cases,0.330437744608133,2021-08-02
stat_ensemble,DE,Deaths,0.279494708025223,2021-08-02
stat_ensemble,FR,Cases,0.388225118666673,2021-08-02
stat_ensemble,FR,Deaths,0.28293057076984,2021-08-02
stat_ensemble,GB,Cases,0.4724151089245,2021-08-02
stat_ensemble,GB,Deaths,0.200891868137618,2021-08-02
stat_ensemble,PL,Cases,0.150578285325336,2021-08-02
stat_ensemble,PL,Deaths,0.159154877022201,2021-08-02
mech_ensemble,CZ,Cases,0.212700700626627,2021-08-09
mech_ensemble,CZ,Deaths,0.403752142189496,2021-08-09
mech_ensemble,DE,Cases,0.354901781321939,2021-08-09
mech_ensemble,DE,Deaths,0.405721203403413,2021-08-09
mech_ensemble,FR,Cases,0.314484236881053,2021-08-09
mech_ensemble,FR,Deaths,0.432155552584458,2021-08-09
mech_ensemble,GB,Cases,0.248468428191289,2021-08-09
mech_ensemble,GB,Deaths,0.442741822069391,2021-08-09
mech_ensemble,PL,Cases,0.476671749238494,2021-08-09
mech_ensemble,PL,Deaths,0.419956013773323,2021-08-09
semi_ensemble,CZ,Cases,0.512573028514859,2021-08-09
semi_ensemble,CZ,Deaths,0.336931131256283,2021-08-09
semi_ensemble,DE,Cases,0.351110991383116,2021-08-09
semi_ensemble,DE,Deaths,0.22744431470951,2021-08-09
semi_ensemble,FR,Cases,0.282246893117117,2021-08-09
semi_ensemble,FR,Deaths,0.184880292034097,2021-08-09
semi_ensemble,GB,Cases,0.264711634787739,2021-08-09
semi_ensemble,GB,Deaths,0.306792605393114,2021-08-09
semi_ensemble,PL,Cases,0.396415735016328,2021-08-09
semi_ensemble,PL,Deaths,0.42017228894285,2021-08-09
stat_ensemble,CZ,Cases,0.274726270858514,2021-08-09
stat_ensemble,CZ,Deaths,0.259316726554221,2021-08-09
stat_ensemble,DE,Cases,0.293987227294945,2021-08-09
stat_ensemble,DE,Deaths,0.366834481887077,2021-08-09
stat_ensemble,FR,Cases,0.40326887000183,2021-08-09
stat_ensemble,FR,Deaths,0.382964155381445,2021-08-09
stat_ensemble,GB,Cases,0.486819937020972,2021-08-09
stat_ensemble,GB,Deaths,0.250465572537495,2021-08-09
stat_ensemble,PL,Cases,0.126912515745178,2021-08-09
stat_ensemble,PL,Deaths,0.159871697283827,2021-08-09
mech_ensemble,CZ,Cases,0.210067362643318,2021-08-16
mech_ensemble,CZ,Deaths,0.342722536070421,2021-08-16
mech_ensemble,DE,Cases,0.467692258576979,2021-08-16
mech_ensemble,DE,Deaths,0.301782281578888,2021-08-16
mech_ensemble,FR,Cases,0.332147409194709,2021-08-16
mech_ensemble,FR,Deaths,0.364038330638683,2021-08-16
mech_ensemble,GB,Cases,0.264080822865459,2021-08-16
mech_ensemble,GB,Deaths,0.423996630551546,2021-08-16
mech_ensemble,PL,Cases,0.481129014851046,2021-08-16
mech_ensemble,PL,Deaths,0.477426464951797,2021-08-16
semi_ensemble,CZ,Cases,0.508439604871712,2021-08-16
semi_ensemble,CZ,Deaths,0.429639770156571,2021-08-16
semi_ensemble,DE,Cases,0.272512125879262,2021-08-16
semi_ensemble,DE,Deaths,0.1537942787598,2021-08-16
semi_ensemble,FR,Cases,0.160318824934297,2021-08-16
semi_ensemble,FR,Deaths,0.153807849720391,2021-08-16
semi_ensemble,GB,Cases,0.289271212002932,2021-08-16
semi_ensemble,GB,Deaths,0.290910647511822,2021-08-16
semi_ensemble,PL,Cases,0.419431968869749,2021-08-16
semi_ensemble,PL,Deaths,0.312516237752293,2021-08-16
stat_ensemble,CZ,Cases,0.28149303248497,2021-08-16
stat_ensemble,CZ,Deaths,0.227637693773008,2021-08-16
stat_ensemble,DE,Cases,0.259795615543759,2021-08-16
stat_ensemble,DE,Deaths,0.544423439661312,2021-08-16
stat_ensemble,FR,Cases,0.507533765870994,2021-08-16
stat_ensemble,FR,Deaths,0.482153819640927,2021-08-16
stat_ensemble,GB,Cases,0.446647965131609,2021-08-16
stat_ensemble,GB,Deaths,0.285092721936632,2021-08-16
stat_ensemble,PL,Cases,0.0994390162792048,2021-08-16
stat_ensemble,PL,Deaths,0.21005729729591,2021-08-16
mech_ensemble,CZ,Cases,0.506121135691649,2021-08-23
mech_ensemble,CZ,Deaths,0.393413888835073,2021-08-23
mech_ensemble,DE,Cases,0.433726680206278,2021-08-23
mech_ensemble,DE,Deaths,0.285658145273679,2021-08-23
mech_ensemble,FR,Cases,0.132057509065241,2021-08-23
mech_ensemble,FR,Deaths,0.324656323242812,2021-08-23
mech_ensemble,GB,Cases,0.224049737838434,2021-08-23
mech_ensemble,GB,Deaths,0.305472503419292,2021-08-23
mech_ensemble,PL,Cases,0.545377232814129,2021-08-23
mech_ensemble,PL,Deaths,0.588623752846692,2021-08-23
semi_ensemble,CZ,Cases,0.33938122932946,2021-08-23
semi_ensemble,CZ,Deaths,0.454226638558004,2021-08-23
semi_ensemble,DE,Cases,0.268269507752082,2021-08-23
semi_ensemble,DE,Deaths,0.118563625612568,2021-08-23
semi_ensemble,FR,Cases,0.0713711264188886,2021-08-23
semi_ensemble,FR,Deaths,0.119966642698336,2021-08-23
semi_ensemble,GB,Cases,0.313184005881812,2021-08-23
semi_ensemble,GB,Deaths,0.36668137849166,2021-08-23
semi_ensemble,PL,Cases,0.383287932916165,2021-08-23
semi_ensemble,PL,Deaths,0.230949509414759,2021-08-23
stat_ensemble,CZ,Cases,0.154497634978891,2021-08-23
stat_ensemble,CZ,Deaths,0.152359472606922,2021-08-23
stat_ensemble,DE,Cases,0.29800381204164,2021-08-23
stat_ensemble,DE,Deaths,0.595778229113754,2021-08-23
stat_ensemble,FR,Cases,0.79657136451587,2021-08-23
stat_ensemble,FR,Deaths,0.555377034058852,2021-08-23
stat_ensemble,GB,Cases,0.462766256279754,2021-08-23
stat_ensemble,GB,Deaths,0.327846118089049,2021-08-23
stat_ensemble,PL,Cases,0.0713348342697057,2021-08-23
stat_ensemble,PL,Deaths,0.18042673773855,2021-08-23
mech_ensemble,CZ,Cases,0.554951696072493,2021-08-30
mech_ensemble,CZ,Deaths,0.346506656143563,2021-08-30
mech_ensemble,DE,Cases,0.435409524727331,2021-08-30
mech_ensemble,DE,Deaths,0.29990809143485,2021-08-30
mech_ensemble,FR,Cases,0.45000729352745,2021-08-30
mech_ensemble,FR,Deaths,0.294413636119644,2021-08-30
mech_ensemble,GB,Cases,0.23269054353572,2021-08-30
mech_ensemble,GB,Deaths,0.190406687909731,2021-08-30
mech_ensemble,PL,Cases,0.571086167558374,2021-08-30
mech_ensemble,PL,Deaths,0.626161948144861,2021-08-30
semi_ensemble,CZ,Cases,0.305844272336919,2021-08-30
semi_ensemble,CZ,Deaths,0.455412262449596,2021-08-30
semi_ensemble,DE,Cases,0.272096427174767,2021-08-30
semi_ensemble,DE,Deaths,0.109539367331694,2021-08-30
semi_ensemble,FR,Cases,0.122522522238645,2021-08-30
semi_ensemble,FR,Deaths,0.309887805328775,2021-08-30
semi_ensemble,GB,Cases,0.281420540379253,2021-08-30
semi_ensemble,GB,Deaths,0.298200150050039,2021-08-30
semi_ensemble,PL,Cases,0.359201332841576,2021-08-30
semi_ensemble,PL,Deaths,0.19628400142685,2021-08-30
stat_ensemble,CZ,Cases,0.139204031590588,2021-08-30
stat_ensemble,CZ,Deaths,0.198081081406841,2021-08-30
stat_ensemble,DE,Cases,0.292494048097902,2021-08-30
stat_ensemble,DE,Deaths,0.590552541233456,2021-08-30
stat_ensemble,FR,Cases,0.427470184233905,2021-08-30
stat_ensemble,FR,Deaths,0.395698558551581,2021-08-30
stat_ensemble,GB,Cases,0.485888916085027,2021-08-30
stat_ensemble,GB,Deaths,0.511393162040231,2021-08-30
stat_ensemble,PL,Cases,0.0697124996000502,2021-08-30
stat_ensemble,PL,Deaths,0.177554050428289,2021-08-30
mech_ensemble,CZ,Cases,0.541916975188534,2021-09-06
mech_ensemble,CZ,Deaths,0.394189624735711,2021-09-06
mech_ensemble,DE,Cases,0.340664788289506,2021-09-06
mech_ensemble,DE,Deaths,0.358148614687131,2021-09-06
mech_ensemble,FR,Cases,0.32561068579114,2021-09-06
mech_ensemble,FR,Deaths,0.237688891611214,2021-09-06
mech_ensemble,GB,Cases,0.275302718058813,2021-09-06
mech_ensemble,GB,Deaths,0.214757824470362,2021-09-06
mech_ensemble,PL,Cases,0.547170908417004,2021-09-06
mech_ensemble,PL,Deaths,0.46586697884962,2021-09-06
semi_ensemble,CZ,Cases,0.312668929629512,2021-09-06
semi_ensemble,CZ,Deaths,0.374246109805884,2021-09-06
semi_ensemble,DE,Cases,0.345397079615138,2021-09-06
semi_ensemble,DE,Deaths,0.24636559363701,2021-09-06
semi_ensemble,FR,Cases,0.337755279971446,2021-09-06
semi_ensemble,FR,Deaths,0.434274811729242,2021-09-06
semi_ensemble,GB,Cases,0.4098399377121,2021-09-06
semi_ensemble,GB,Deaths,0.324136313087125,2021-09-06
semi_ensemble,PL,Cases,0.349785668006238,2021-09-06
semi_ensemble,PL,Deaths,0.342917117456362,2021-09-06
stat_ensemble,CZ,Cases,0.145414095181953,2021-09-06
stat_ensemble,CZ,Deaths,0.231564265458406,2021-09-06
stat_ensemble,DE,Cases,0.313938132095357,2021-09-06
stat_ensemble,DE,Deaths,0.395485791675859,2021-09-06
stat_ensemble,FR,Cases,0.336634034237415,2021-09-06
stat_ensemble,FR,Deaths,0.328036296659544,2021-09-06
stat_ensemble,GB,Cases,0.314857344229087,2021-09-06
stat_ensemble,GB,Deaths,0.461105862442513,2021-09-06
stat_ensemble,PL,Cases,0.103043423576758,2021-09-06
stat_ensemble,PL,Deaths,0.191215903694018,2021-09-06
mech_ensemble,CZ,Cases,0.404768614117557,2021-09-13
mech_ensemble,CZ,Deaths,0.427423434292332,2021-09-13
mech_ensemble,DE,Cases,0.198571552709583,2021-09-13
mech_ensemble,DE,Deaths,0.377926518589858,2021-09-13
mech_ensemble,FR,Cases,0.300541420744029,2021-09-13
mech_ensemble,FR,Deaths,0.209336366772939,2021-09-13
mech_ensemble,GB,Cases,0.524917778983471,2021-09-13
mech_ensemble,GB,Deaths,0.265489031715283,2021-09-13
mech_ensemble,PL,Cases,0.432146033234863,2021-09-13
mech_ensemble,PL,Deaths,0.356456399736168,2021-09-13
semi_ensemble,CZ,Cases,0.32186046557456,2021-09-13
semi_ensemble,CZ,Deaths,0.405477644223277,2021-09-13
semi_ensemble,DE,Cases,0.288226268891084,2021-09-13
semi_ensemble,DE,Deaths,0.310271364047126,2021-09-13
semi_ensemble,FR,Cases,0.403372524989278,2021-09-13
semi_ensemble,FR,Deaths,0.398872161638903,2021-09-13
semi_ensemble,GB,Cases,0.264277453657384,2021-09-13
semi_ensemble,GB,Deaths,0.304751144057941,2021-09-13
semi_ensemble,PL,Cases,0.398231815789932,2021-09-13
semi_ensemble,PL,Deaths,0.416838160836128,2021-09-13
stat_ensemble,CZ,Cases,0.273370920307883,2021-09-13
stat_ensemble,CZ,Deaths,0.167098921484391,2021-09-13
stat_ensemble,DE,Cases,0.513202178399332,2021-09-13
stat_ensemble,DE,Deaths,0.311802117363015,2021-09-13
stat_ensemble,FR,Cases,0.296086054266694,2021-09-13
stat_ensemble,FR,Deaths,0.391791471588158,2021-09-13
stat_ensemble,GB,Cases,0.210804767359145,2021-09-13
stat_ensemble,GB,Deaths,0.429759824226777,2021-09-13
stat_ensemble,PL,Cases,0.169622150975204,2021-09-13
stat_ensemble,PL,Deaths,0.226705439427704,2021-09-13
mech_ensemble,CZ,Cases,0.343456768582952,2021-09-20
mech_ensemble,CZ,Deaths,0.412837482020448,2021-09-20
mech_ensemble,DE,Cases,0.142807344429113,2021-09-20
mech_ensemble,DE,Deaths,0.472544936850164,2021-09-20
mech_ensemble,FR,Cases,0.223355102566523,2021-09-20
mech_ensemble,FR,Deaths,0.133193898317958,2021-09-20
mech_ensemble,GB,Cases,0.336997864757765,2021-09-20
mech_ensemble,GB,Deaths,0.244527955570253,2021-09-20
mech_ensemble,PL,Cases,0.348021222014563,2021-09-20
mech_ensemble,PL,Deaths,0.324654552979763,2021-09-20
semi_ensemble,CZ,Cases,0.30795713488168,2021-09-20
semi_ensemble,CZ,Deaths,0.441333136277698,2021-09-20
semi_ensemble,DE,Cases,0.23406843614578,2021-09-20
semi_ensemble,DE,Deaths,0.273763571904615,2021-09-20
semi_ensemble,FR,Cases,0.46601804689637,2021-09-20
semi_ensemble,FR,Deaths,0.416945337710271,2021-09-20
semi_ensemble,GB,Cases,0.244810759084509,2021-09-20
semi_ensemble,GB,Deaths,0.31199266550457,2021-09-20
semi_ensemble,PL,Cases,0.398589528564674,2021-09-20
semi_ensemble,PL,Deaths,0.410065094731803,2021-09-20
stat_ensemble,CZ,Cases,0.348586096535368,2021-09-20
stat_ensemble,CZ,Deaths,0.145829381701854,2021-09-20
stat_ensemble,DE,Cases,0.623124219425106,2021-09-20
stat_ensemble,DE,Deaths,0.253691491245221,2021-09-20
stat_ensemble,FR,Cases,0.310626850537107,2021-09-20
stat_ensemble,FR,Deaths,0.449860763971771,2021-09-20
stat_ensemble,GB,Cases,0.418191376157727,2021-09-20
stat_ensemble,GB,Deaths,0.443479378925177,2021-09-20
stat_ensemble,PL,Cases,0.253389249420763,2021-09-20
stat_ensemble,PL,Deaths,0.265280352288433,2021-09-20
mech_ensemble,CZ,Cases,0.316707476185124,2021-09-27
mech_ensemble,CZ,Deaths,0.372350876784886,2021-09-27
mech_ensemble,DE,Cases,0.184514922325711,2021-09-27
mech_ensemble,DE,Deaths,0.443716135424317,2021-09-27
mech_ensemble,FR,Cases,0.367528514575649,2021-09-27
mech_ensemble,FR,Deaths,0.124549172547085,2021-09-27
mech_ensemble,GB,Cases,0.350662823958274,2021-09-27
mech_ensemble,GB,Deaths,0.339551948316933,2021-09-27
mech_ensemble,PL,Cases,0.282958126348719,2021-09-27
mech_ensemble,PL,Deaths,0.315495099411584,2021-09-27
semi_ensemble,CZ,Cases,0.332428950855194,2021-09-27
semi_ensemble,CZ,Deaths,0.456200106323678,2021-09-27
semi_ensemble,DE,Cases,0.421285311657363,2021-09-27
semi_ensemble,DE,Deaths,0.278604246073404,2021-09-27
semi_ensemble,FR,Cases,0.395254080685868,2021-09-27
semi_ensemble,FR,Deaths,0.439205549167182,2021-09-27
semi_ensemble,GB,Cases,0.247410479184956,2021-09-27
semi_ensemble,GB,Deaths,0.318424224938786,2021-09-27
semi_ensemble,PL,Cases,0.474491991167295,2021-09-27
semi_ensemble,PL,Deaths,0.39392204673754,2021-09-27
stat_ensemble,CZ,Cases,0.350863572959682,2021-09-27
stat_ensemble,CZ,Deaths,0.171449016891437,2021-09-27
stat_ensemble,DE,Cases,0.394199766016926,2021-09-27
stat_ensemble,DE,Deaths,0.27767961850228,2021-09-27
stat_ensemble,FR,Cases,0.237217404738483,2021-09-27
stat_ensemble,FR,Deaths,0.436245278285733,2021-09-27
stat_ensemble,GB,Cases,0.40192669685677,2021-09-27
stat_ensemble,GB,Deaths,0.342023826744281,2021-09-27
stat_ensemble,PL,Cases,0.242549882483986,2021-09-27
stat_ensemble,PL,Deaths,0.290582853850876,2021-09-27
mech_ensemble,CZ,Cases,0.352599219782108,2021-10-04
mech_ensemble,CZ,Deaths,0.329824451167127,2021-10-04
mech_ensemble,DE,Cases,0.285260226756297,2021-10-04
mech_ensemble,DE,Deaths,0.430763101321385,2021-10-04
mech_ensemble,FR,Cases,0.486563209813401,2021-10-04
mech_ensemble,FR,Deaths,0.250445859711472,2021-10-04
mech_ensemble,GB,Cases,0.391583034354814,2021-10-04
mech_ensemble,GB,Deaths,0.420584174260946,2021-10-04
mech_ensemble,PL,Cases,0.362888693578478,2021-10-04
mech_ensemble,PL,Deaths,0.390294973766994,2021-10-04
semi_ensemble,CZ,Cases,0.341111842879759,2021-10-04
semi_ensemble,CZ,Deaths,0.412528024313228,2021-10-04
semi_ensemble,DE,Cases,0.356303987594364,2021-10-04
semi_ensemble,DE,Deaths,0.277023267278599,2021-10-04
semi_ensemble,FR,Cases,0.300178288627997,2021-10-04
semi_ensemble,FR,Deaths,0.441381897456614,2021-10-04
semi_ensemble,GB,Cases,0.234669905236731,2021-10-04
semi_ensemble,GB,Deaths,0.344404248258347,2021-10-04
semi_ensemble,PL,Cases,0.424043415312401,2021-10-04
semi_ensemble,PL,Deaths,0.352812039729686,2021-10-04
stat_ensemble,CZ,Cases,0.306288937338133,2021-10-04
stat_ensemble,CZ,Deaths,0.257647524519645,2021-10-04
stat_ensemble,DE,Cases,0.358435785649339,2021-10-04
stat_ensemble,DE,Deaths,0.292213631400016,2021-10-04
stat_ensemble,FR,Cases,0.213258501558603,2021-10-04
stat_ensemble,FR,Deaths,0.308172242831913,2021-10-04
stat_ensemble,GB,Cases,0.373747060408455,2021-10-04
stat_ensemble,GB,Deaths,0.235011577480707,2021-10-04
stat_ensemble,PL,Cases,0.213067891109121,2021-10-04
stat_ensemble,PL,Deaths,0.25689298650332,2021-10-04
mech_ensemble,CZ,Cases,0.422576521219065,2021-10-11
mech_ensemble,CZ,Deaths,0.399377035308254,2021-10-11
mech_ensemble,DE,Cases,0.375334404110822,2021-10-11
mech_ensemble,DE,Deaths,0.426739032799339,2021-10-11
mech_ensemble,FR,Cases,0.541025520393302,2021-10-11
mech_ensemble,FR,Deaths,0.291973659800276,2021-10-11
mech_ensemble,GB,Cases,0.378952816749962,2021-10-11
mech_ensemble,GB,Deaths,0.448444509778244,2021-10-11
mech_ensemble,PL,Cases,0.380352099161558,2021-10-11
mech_ensemble,PL,Deaths,0.358921351655621,2021-10-11
semi_ensemble,CZ,Cases,0.330339441135498,2021-10-11
semi_ensemble,CZ,Deaths,0.378358973404725,2021-10-11
semi_ensemble,DE,Cases,0.303250353550724,2021-10-11
semi_ensemble,DE,Deaths,0.291262941549939,2021-10-11
semi_ensemble,FR,Cases,0.281909290216542,2021-10-11
semi_ensemble,FR,Deaths,0.476524964272841,2021-10-11
semi_ensemble,GB,Cases,0.300754582440008,2021-10-11
semi_ensemble,GB,Deaths,0.355447338165107,2021-10-11
semi_ensemble,PL,Cases,0.375441936325751,2021-10-11
semi_ensemble,PL,Deaths,0.34635149502541,2021-10-11
stat_ensemble,CZ,Cases,0.247084037645437,2021-10-11
stat_ensemble,CZ,Deaths,0.22226399128702,2021-10-11
stat_ensemble,DE,Cases,0.321415242338454,2021-10-11
stat_ensemble,DE,Deaths,0.281998025650722,2021-10-11
stat_ensemble,FR,Cases,0.177065189390156,2021-10-11
stat_ensemble,FR,Deaths,0.231501375926884,2021-10-11
stat_ensemble,GB,Cases,0.32029260081003,2021-10-11
stat_ensemble,GB,Deaths,0.196108152056649,2021-10-11
stat_ensemble,PL,Cases,0.244205964512691,2021-10-11
stat_ensemble,PL,Deaths,0.294727153318969,2021-10-11
mech_ensemble,CZ,Cases,0.375147161132938,2021-10-18
mech_ensemble,CZ,Deaths,0.443529728896345,2021-10-18
mech_ensemble,DE,Cases,0.30979365257558,2021-10-18
mech_ensemble,DE,Deaths,0.435593717005844,2021-10-18
mech_ensemble,FR,Cases,0.506527046583396,2021-10-18
mech_ensemble,FR,Deaths,0.329361198590068,2021-10-18
mech_ensemble,GB,Cases,0.312235332647874,2021-10-18
mech_ensemble,GB,Deaths,0.426958607814791,2021-10-18
mech_ensemble,PL,Cases,0.392077428885396,2021-10-18
mech_ensemble,PL,Deaths,0.347290337503668,2021-10-18
semi_ensemble,CZ,Cases,0.34607412180855,2021-10-18
semi_ensemble,CZ,Deaths,0.362582111430963,2021-10-18
semi_ensemble,DE,Cases,0.279850929866615,2021-10-18
semi_ensemble,DE,Deaths,0.287907848738002,2021-10-18
semi_ensemble,FR,Cases,0.285181542618729,2021-10-18
semi_ensemble,FR,Deaths,0.381896447039131,2021-10-18
semi_ensemble,GB,Cases,0.32013893534522,2021-10-18
semi_ensemble,GB,Deaths,0.288554538287708,2021-10-18
semi_ensemble,PL,Cases,0.369195256595542,2021-10-18
semi_ensemble,PL,Deaths,0.349273690597465,2021-10-18
stat_ensemble,CZ,Cases,0.278778717058512,2021-10-18
stat_ensemble,CZ,Deaths,0.193888159672692,2021-10-18
stat_ensemble,DE,Cases,0.410355417557804,2021-10-18
stat_ensemble,DE,Deaths,0.276498434256154,2021-10-18
stat_ensemble,FR,Cases,0.208291410797875,2021-10-18
stat_ensemble,FR,Deaths,0.288742354370801,2021-10-18
stat_ensemble,GB,Cases,0.367625732006907,2021-10-18
stat_ensemble,GB,Deaths,0.284486853897501,2021-10-18
stat_ensemble,PL,Cases,0.238727314519062,2021-10-18
stat_ensemble,PL,Deaths,0.303435971898867,2021-10-18
mech_ensemble,CZ,Cases,0.313246969503692,2021-10-25
mech_ensemble,CZ,Deaths,0.378469116595122,2021-10-25
mech_ensemble,DE,Cases,0.301120462420073,2021-10-25
mech_ensemble,DE,Deaths,0.427122325704912,2021-10-25
mech_ensemble,FR,Cases,0.43219834267736,2021-10-25
mech_ensemble,FR,Deaths,0.395325279959835,2021-10-25
mech_ensemble,GB,Cases,0.294274683182207,2021-10-25
mech_ensemble,GB,Deaths,0.408533586903383,2021-10-25
mech_ensemble,PL,Cases,0.312841990570283,2021-10-25
mech_ensemble,PL,Deaths,0.385142587138985,2021-10-25
semi_ensemble,CZ,Cases,0.37948279295456,2021-10-25
semi_ensemble,CZ,Deaths,0.367106988884343,2021-10-25
semi_ensemble,DE,Cases,0.337381450228275,2021-10-25
semi_ensemble,DE,Deaths,0.277241782836603,2021-10-25
semi_ensemble,FR,Cases,0.30690856087886,2021-10-25
semi_ensemble,FR,Deaths,0.354087718748477,2021-10-25
semi_ensemble,GB,Cases,0.379590756719713,2021-10-25
semi_ensemble,GB,Deaths,0.288937500677359,2021-10-25
semi_ensemble,PL,Cases,0.404686107148985,2021-10-25
semi_ensemble,PL,Deaths,0.325327529348141,2021-10-25
stat_ensemble,CZ,Cases,0.307270237541748,2021-10-25
stat_ensemble,CZ,Deaths,0.254423894520535,2021-10-25
stat_ensemble,DE,Cases,0.361498087351652,2021-10-25
stat_ensemble,DE,Deaths,0.295635891458486,2021-10-25
stat_ensemble,FR,Cases,0.260893096443781,2021-10-25
stat_ensemble,FR,Deaths,0.250587001291688,2021-10-25
stat_ensemble,GB,Cases,0.326134560098081,2021-10-25
stat_ensemble,GB,Deaths,0.302528912419258,2021-10-25
stat_ensemble,PL,Cases,0.282471902280732,2021-10-25
stat_ensemble,PL,Deaths,0.289529883512875,2021-10-25
mech_ensemble,CZ,Cases,0.282862025389698,2021-11-01
mech_ensemble,CZ,Deaths,0.290843151227739,2021-11-01
mech_ensemble,DE,Cases,0.339023633323467,2021-11-01
mech_ensemble,DE,Deaths,0.326356962521356,2021-11-01
mech_ensemble,FR,Cases,0.388506230819923,2021-11-01
mech_ensemble,FR,Deaths,0.404495974716457,2021-11-01
mech_ensemble,GB,Cases,0.323385277834839,2021-11-01
mech_ensemble,GB,Deaths,0.350563830772134,2021-11-01
mech_ensemble,PL,Cases,0.2328322188511,2021-11-01
mech_ensemble,PL,Deaths,0.375295810074249,2021-11-01
semi_ensemble,CZ,Cases,0.465617601392916,2021-11-01
semi_ensemble,CZ,Deaths,0.442087187668018,2021-11-01
semi_ensemble,DE,Cases,0.394866592267072,2021-11-01
semi_ensemble,DE,Deaths,0.281243340787862,2021-11-01
semi_ensemble,FR,Cases,0.329285263402378,2021-11-01
semi_ensemble,FR,Deaths,0.342358884051329,2021-11-01
semi_ensemble,GB,Cases,0.326692510489721,2021-11-01
semi_ensemble,GB,Deaths,0.344678699828224,2021-11-01
semi_ensemble,PL,Cases,0.567443816830248,2021-11-01
semi_ensemble,PL,Deaths,0.399986601963113,2021-11-01
stat_ensemble,CZ,Cases,0.251520373217386,2021-11-01
stat_ensemble,CZ,Deaths,0.267069661104244,2021-11-01
stat_ensemble,DE,Cases,0.266109774409461,2021-11-01
stat_ensemble,DE,Deaths,0.392399696690782,2021-11-01
stat_ensemble,FR,Cases,0.282208505777698,2021-11-01
stat_ensemble,FR,Deaths,0.253145141232214,2021-11-01
stat_ensemble,GB,Cases,0.34992221167544,2021-11-01
stat_ensemble,GB,Deaths,0.304757469399642,2021-11-01
stat_ensemble,PL,Cases,0.199723964318652,2021-11-01
stat_ensemble,PL,Deaths,0.224717587962638,2021-11-01
mech_ensemble,CZ,Cases,0.316230852465923,2021-11-08
mech_ensemble,CZ,Deaths,0.274647619967419,2021-11-08
mech_ensemble,DE,Cases,0.323299940136893,2021-11-08
mech_ensemble,DE,Deaths,0.310396976136193,2021-11-08
mech_ensemble,FR,Cases,0.39121295949624,2021-11-08
mech_ensemble,FR,Deaths,0.416979700850061,2021-11-08
mech_ensemble,GB,Cases,0.238880345725105,2021-11-08
mech_ensemble,GB,Deaths,0.3211439298878,2021-11-08
mech_ensemble,PL,Cases,0.254852559063195,2021-11-08
mech_ensemble,PL,Deaths,0.445297704941851,2021-11-08
semi_ensemble,CZ,Cases,0.457648248220773,2021-11-08
semi_ensemble,CZ,Deaths,0.466878867398495,2021-11-08
semi_ensemble,DE,Cases,0.438753501507721,2021-11-08
semi_ensemble,DE,Deaths,0.32809951471375,2021-11-08
semi_ensemble,FR,Cases,0.299295412884514,2021-11-08
semi_ensemble,FR,Deaths,0.326732069422159,2021-11-08
semi_ensemble,GB,Cases,0.318183508135212,2021-11-08
semi_ensemble,GB,Deaths,0.341981843807587,2021-11-08
semi_ensemble,PL,Cases,0.554130153904158,2021-11-08
semi_ensemble,PL,Deaths,0.346957765804472,2021-11-08
stat_ensemble,CZ,Cases,0.226120899313304,2021-11-08
stat_ensemble,CZ,Deaths,0.258473512634086,2021-11-08
stat_ensemble,DE,Cases,0.237946558355386,2021-11-08
stat_ensemble,DE,Deaths,0.361503509150057,2021-11-08
stat_ensemble,FR,Cases,0.309491627619246,2021-11-08
stat_ensemble,FR,Deaths,0.25628822972778,2021-11-08
stat_ensemble,GB,Cases,0.442936146139683,2021-11-08
stat_ensemble,GB,Deaths,0.336874226304613,2021-11-08
stat_ensemble,PL,Cases,0.191017287032647,2021-11-08
stat_ensemble,PL,Deaths,0.207744529253677,2021-11-08
mech_ensemble,CZ,Cases,0.391482614933999,2021-11-15
mech_ensemble,CZ,Deaths,0.281904313764101,2021-11-15
mech_ensemble,DE,Cases,0.347973918171171,2021-11-15
mech_ensemble,DE,Deaths,0.333603546869057,2021-11-15
mech_ensemble,FR,Cases,0.340238878341672,2021-11-15
mech_ensemble,FR,Deaths,0.443686700519136,2021-11-15
mech_ensemble,GB,Cases,0.241673111578902,2021-11-15
mech_ensemble,GB,Deaths,0.394914541709918,2021-11-15
mech_ensemble,PL,Cases,0.392011554868189,2021-11-15
mech_ensemble,PL,Deaths,0.519620971128738,2021-11-15
semi_ensemble,CZ,Cases,0.425886303153326,2021-11-15
semi_ensemble,CZ,Deaths,0.495661260461093,2021-11-15
semi_ensemble,DE,Cases,0.475440652558803,2021-11-15
semi_ensemble,DE,Deaths,0.399831998966913,2021-11-15
semi_ensemble,FR,Cases,0.350384996773753,2021-11-15
semi_ensemble,FR,Deaths,0.301868300592756,2021-11-15
semi_ensemble,GB,Cases,0.271617877907241,2021-11-15
semi_ensemble,GB,Deaths,0.257271153863549,2021-11-15
semi_ensemble,PL,Cases,0.375636438225279,2021-11-15
semi_ensemble,PL,Deaths,0.27689046458488,2021-11-15
stat_ensemble,CZ,Cases,0.182631081912675,2021-11-15
stat_ensemble,CZ,Deaths,0.222434425774806,2021-11-15
stat_ensemble,DE,Cases,0.176585429270026,2021-11-15
stat_ensemble,DE,Deaths,0.26656445416403,2021-11-15
stat_ensemble,FR,Cases,0.309376124884575,2021-11-15
stat_ensemble,FR,Deaths,0.254444998888108,2021-11-15
stat_ensemble,GB,Cases,0.486709010513857,2021-11-15
stat_ensemble,GB,Deaths,0.347814304426533,2021-11-15
stat_ensemble,PL,Cases,0.232352006906532,2021-11-15
stat_ensemble,PL,Deaths,0.203488564286382,2021-11-15
mech_ensemble,CZ,Cases,0.503309517237016,2021-11-22
mech_ensemble,CZ,Deaths,0.337285814389391,2021-11-22
mech_ensemble,DE,Cases,0.504865743716445,2021-11-22
mech_ensemble,DE,Deaths,0.444612287026742,2021-11-22
mech_ensemble,FR,Cases,0.263541739026958,2021-11-22
mech_ensemble,FR,Deaths,0.382312436835156,2021-11-22
mech_ensemble,GB,Cases,0.199141140900458,2021-11-22
mech_ensemble,GB,Deaths,0.44527871950143,2021-11-22
mech_ensemble,PL,Cases,0.589088003371037,2021-11-22
mech_ensemble,PL,Deaths,0.575294115959485,2021-11-22
semi_ensemble,CZ,Cases,0.310694111563926,2021-11-22
semi_ensemble,CZ,Deaths,0.476427940511198,2021-11-22
semi_ensemble,DE,Cases,0.401327400385056,2021-11-22
semi_ensemble,DE,Deaths,0.349687107829706,2021-11-22
semi_ensemble,FR,Cases,0.399563097287703,2021-11-22
semi_ensemble,FR,Deaths,0.341759613742474,2021-11-22
semi_ensemble,GB,Cases,0.266212506447401,2021-11-22
semi_ensemble,GB,Deaths,0.203935734366307,2021-11-22
semi_ensemble,PL,Cases,0.167788347782439,2021-11-22
semi_ensemble,PL,Deaths,0.278133691783353,2021-11-22
stat_ensemble,CZ,Cases,0.185996371199058,2021-11-22
stat_ensemble,CZ,Deaths,0.18628624509941,2021-11-22
stat_ensemble,DE,Cases,0.0938068558984987,2021-11-22
stat_ensemble,DE,Deaths,0.205700605143552,2021-11-22
stat_ensemble,FR,Cases,0.336895163685339,2021-11-22
stat_ensemble,FR,Deaths,0.27592794942237,2021-11-22
stat_ensemble,GB,Cases,0.534646352652141,2021-11-22
stat_ensemble,GB,Deaths,0.350785546132264,2021-11-22
stat_ensemble,PL,Cases,0.243123648846525,2021-11-22
stat_ensemble,PL,Deaths,0.146572192257162,2021-11-22
mech_ensemble,CZ,Cases,0.535004604637307,2021-11-29
mech_ensemble,CZ,Deaths,0.466993847598345,2021-11-29
mech_ensemble,DE,Cases,0.489899453607168,2021-11-29
mech_ensemble,DE,Deaths,0.52107572243455,2021-11-29
mech_ensemble,FR,Cases,0.280344132328261,2021-11-29
mech_ensemble,FR,Deaths,0.347554624245393,2021-11-29
mech_ensemble,GB,Cases,0.151001746285091,2021-11-29
mech_ensemble,GB,Deaths,0.391489909567827,2021-11-29
mech_ensemble,PL,Cases,0.445752129767896,2021-11-29
mech_ensemble,PL,Deaths,0.552795250929293,2021-11-29
semi_ensemble,CZ,Cases,0.194106204884353,2021-11-29
semi_ensemble,CZ,Deaths,0.313521370457783,2021-11-29
semi_ensemble,DE,Cases,0.382432811452015,2021-11-29
semi_ensemble,DE,Deaths,0.262342069874184,2021-11-29
semi_ensemble,FR,Cases,0.415641441313122,2021-11-29
semi_ensemble,FR,Deaths,0.385098805527506,2021-11-29
semi_ensemble,GB,Cases,0.332186877337904,2021-11-29
semi_ensemble,GB,Deaths,0.276188950671707,2021-11-29
semi_ensemble,PL,Cases,0.156630941640985,2021-11-29
semi_ensemble,PL,Deaths,0.251549209468304,2021-11-29
stat_ensemble,CZ,Cases,0.27088919047834,2021-11-29
stat_ensemble,CZ,Deaths,0.219484781943872,2021-11-29
stat_ensemble,DE,Cases,0.127667734940817,2021-11-29
stat_ensemble,DE,Deaths,0.216582207691266,2021-11-29
stat_ensemble,FR,Cases,0.304014426358617,2021-11-29
stat_ensemble,FR,Deaths,0.267346570227101,2021-11-29
stat_ensemble,GB,Cases,0.516811376377005,2021-11-29
stat_ensemble,GB,Deaths,0.332321139760466,2021-11-29
stat_ensemble,PL,Cases,0.397616928591119,2021-11-29
stat_ensemble,PL,Deaths,0.195655539602403,2021-11-29
mech_ensemble,CZ,Cases,0.341121174471645,2021-12-06
mech_ensemble,CZ,Deaths,0.341706260889452,2021-12-06
mech_ensemble,DE,Cases,0.439063949049535,2021-12-06
mech_ensemble,DE,Deaths,0.448318254380909,2021-12-06
mech_ensemble,FR,Cases,0.294891468030214,2021-12-06
mech_ensemble,FR,Deaths,0.367899680027976,2021-12-06
mech_ensemble,GB,Cases,0.193739688042665,2021-12-06
mech_ensemble,GB,Deaths,0.415366838737319,2021-12-06
mech_ensemble,PL,Cases,0.25034343152557,2021-12-06
mech_ensemble,PL,Deaths,0.418395092719108,2021-12-06
semi_ensemble,CZ,Cases,0.120532164868789,2021-12-06
semi_ensemble,CZ,Deaths,0.2188611455541,2021-12-06
semi_ensemble,DE,Cases,0.274709362345626,2021-12-06
semi_ensemble,DE,Deaths,0.221613381996896,2021-12-06
semi_ensemble,FR,Cases,0.443118522286336,2021-12-06
semi_ensemble,FR,Deaths,0.414397749536133,2021-12-06
semi_ensemble,GB,Cases,0.322795315309934,2021-12-06
semi_ensemble,GB,Deaths,0.222347214369642,2021-12-06
semi_ensemble,PL,Cases,0.155547606218114,2021-12-06
semi_ensemble,PL,Deaths,0.330367531553835,2021-12-06
stat_ensemble,CZ,Cases,0.538346660659566,2021-12-06
stat_ensemble,CZ,Deaths,0.439432593556448,2021-12-06
stat_ensemble,DE,Cases,0.28622668860484,2021-12-06
stat_ensemble,DE,Deaths,0.330068363622195,2021-12-06
stat_ensemble,FR,Cases,0.261990009683451,2021-12-06
stat_ensemble,FR,Deaths,0.217702570435891,2021-12-06
stat_ensemble,GB,Cases,0.483464996647401,2021-12-06
stat_ensemble,GB,Deaths,0.362285946893039,2021-12-06
stat_ensemble,PL,Cases,0.594108962256317,2021-12-06
stat_ensemble,PL,Deaths,0.251237375727057,2021-12-06
mech_ensemble,CZ,Cases,0.341931615456751,2021-12-13
mech_ensemble,CZ,Deaths,0.217523268571217,2021-12-13
mech_ensemble,DE,Cases,0.255000210905239,2021-12-13
mech_ensemble,DE,Deaths,0.233619035327792,2021-12-13
mech_ensemble,FR,Cases,0.402882887967589,2021-12-13
mech_ensemble,FR,Deaths,0.422519322354464,2021-12-13
mech_ensemble,GB,Cases,0.099734134519096,2021-12-13
mech_ensemble,GB,Deaths,0.433418784783439,2021-12-13
mech_ensemble,PL,Cases,0.258444799217058,2021-12-13
mech_ensemble,PL,Deaths,0.329867443516801,2021-12-13
semi_ensemble,CZ,Cases,0.174713355796682,2021-12-13
semi_ensemble,CZ,Deaths,0.185637824679538,2021-12-13
semi_ensemble,DE,Cases,0.162383455470519,2021-12-13
semi_ensemble,DE,Deaths,0.14430445259529,2021-12-13
semi_ensemble,FR,Cases,0.373174528951936,2021-12-13
semi_ensemble,FR,Deaths,0.357352895292757,2021-12-13
semi_ensemble,GB,Cases,0.418915936598415,2021-12-13
semi_ensemble,GB,Deaths,0.196241436279411,2021-12-13
semi_ensemble,PL,Cases,0.215379586112374,2021-12-13
semi_ensemble,PL,Deaths,0.354959249816133,2021-12-13
stat_ensemble,CZ,Cases,0.483355028746568,2021-12-13
stat_ensemble,CZ,Deaths,0.596838906749245,2021-12-13
stat_ensemble,DE,Cases,0.582616333624243,2021-12-13
stat_ensemble,DE,Deaths,0.622076512076918,2021-12-13
stat_ensemble,FR,Cases,0.223942583080475,2021-12-13
stat_ensemble,FR,Deaths,0.22012778235278,2021-12-13
stat_ensemble,GB,Cases,0.481349928882489,2021-12-13
stat_ensemble,GB,Deaths,0.370339778937151,2021-12-13
stat_ensemble,PL,Cases,0.526175614670568,2021-12-13
stat_ensemble,PL,Deaths,0.315173306667067,2021-12-13
mech_ensemble,CZ,Cases,0.387618057952432,2021-12-20
mech_ensemble,CZ,Deaths,0.224857550629406,2021-12-20
mech_ensemble,DE,Cases,0.336440883506072,2021-12-20
mech_ensemble,DE,Deaths,0.264804168612647,2021-12-20
mech_ensemble,FR,Cases,0.467896115610715,2021-12-20
mech_ensemble,FR,Deaths,0.511715986397767,2021-12-20
mech_ensemble,GB,Cases,0.152186873451052,2021-12-20
mech_ensemble,GB,Deaths,0.381152055966321,2021-12-20
mech_ensemble,PL,Cases,0.32929090390264,2021-12-20
mech_ensemble,PL,Deaths,0.34904028156393,2021-12-20
semi_ensemble,CZ,Cases,0.208514644225857,2021-12-20
semi_ensemble,CZ,Deaths,0.194310745652729,2021-12-20
semi_ensemble,DE,Cases,0.197817345646134,2021-12-20
semi_ensemble,DE,Deaths,0.154316592705836,2021-12-20
semi_ensemble,FR,Cases,0.211644617523223,2021-12-20
semi_ensemble,FR,Deaths,0.198010090349094,2021-12-20
semi_ensemble,GB,Cases,0.470631540365352,2021-12-20
semi_ensemble,GB,Deaths,0.185207618204315,2021-12-20
semi_ensemble,PL,Cases,0.242483078215858,2021-12-20
semi_ensemble,PL,Deaths,0.321902521130995,2021-12-20
stat_ensemble,CZ,Cases,0.403867297821711,2021-12-20
stat_ensemble,CZ,Deaths,0.580831703717865,2021-12-20
stat_ensemble,DE,Cases,0.465741770847794,2021-12-20
stat_ensemble,DE,Deaths,0.580879238681517,2021-12-20
stat_ensemble,FR,Cases,0.320459266866062,2021-12-20
stat_ensemble,FR,Deaths,0.290273923253139,2021-12-20
stat_ensemble,GB,Cases,0.377181586183597,2021-12-20
stat_ensemble,GB,Deaths,0.433640325829364,2021-12-20
stat_ensemble,PL,Cases,0.428226017881502,2021-12-20
stat_ensemble,PL,Deaths,0.329057197305075,2021-12-20
mech_ensemble,CZ,Cases,0.44264791119194,2021-12-27
mech_ensemble,CZ,Deaths,0.332294045431842,2021-12-27
mech_ensemble,DE,Cases,0.347798899041724,2021-12-27
mech_ensemble,DE,Deaths,0.381598395922138,2021-12-27
mech_ensemble,FR,Cases,0.369799549442692,2021-12-27
mech_ensemble,FR,Deaths,0.354451357747626,2021-12-27
mech_ensemble,GB,Cases,0.187079267683483,2021-12-27
mech_ensemble,GB,Deaths,0.325018142002506,2021-12-27
mech_ensemble,PL,Cases,0.272795403054845,2021-12-27
mech_ensemble,PL,Deaths,0.27427484118564,2021-12-27
semi_ensemble,CZ,Cases,0.308639816659183,2021-12-27
semi_ensemble,CZ,Deaths,0.245610954981297,2021-12-27
semi_ensemble,DE,Cases,0.263689135877479,2021-12-27
semi_ensemble,DE,Deaths,0.221885178142295,2021-12-27
semi_ensemble,FR,Cases,0.361344375957898,2021-12-27
semi_ensemble,FR,Deaths,0.214909564679546,2021-12-27
semi_ensemble,GB,Cases,0.474795155837153,2021-12-27
semi_ensemble,GB,Deaths,0.152861646127776,2021-12-27
semi_ensemble,PL,Cases,0.351669584468232,2021-12-27
semi_ensemble,PL,Deaths,0.303529891403302,2021-12-27
stat_ensemble,CZ,Cases,0.248712272148878,2021-12-27
stat_ensemble,CZ,Deaths,0.422094999586861,2021-12-27
stat_ensemble,DE,Cases,0.388511965080798,2021-12-27
stat_ensemble,DE,Deaths,0.396516425935568,2021-12-27
stat_ensemble,FR,Cases,0.268856074599411,2021-12-27
stat_ensemble,FR,Deaths,0.430639077572828,2021-12-27
stat_ensemble,GB,Cases,0.338125576479364,2021-12-27
stat_ensemble,GB,Deaths,0.522120211869718,2021-12-27
stat_ensemble,PL,Cases,0.375535012476923,2021-12-27
stat_ensemble,PL,Deaths,0.422195267411058,2021-12-27
mech_ensemble,CZ,Cases,0.200415206949984,2022-01-03
mech_ensemble,CZ,Deaths,0.229717626017352,2022-01-03
mech_ensemble,DE,Cases,0.325641430592653,2022-01-03
mech_ensemble,DE,Deaths,0.454850422281358,2022-01-03
mech_ensemble,FR,Cases,0.392210213112348,2022-01-03
mech_ensemble,FR,Deaths,0.148358657717526,2022-01-03
mech_ensemble,GB,Cases,0.280177410098025,2022-01-03
mech_ensemble,GB,Deaths,0.371638401525943,2022-01-03
mech_ensemble,PL,Cases,0.239774467731245,2022-01-03
mech_ensemble,PL,Deaths,0.335294959387153,2022-01-03
semi_ensemble,CZ,Cases,0.485893888290489,2022-01-03
semi_ensemble,CZ,Deaths,0.340282025507692,2022-01-03
semi_ensemble,DE,Cases,0.258599062439366,2022-01-03
semi_ensemble,DE,Deaths,0.285615141658742,2022-01-03
semi_ensemble,FR,Cases,0.407445280254246,2022-01-03
semi_ensemble,FR,Deaths,0.122040965939532,2022-01-03
semi_ensemble,GB,Cases,0.446579606761944,2022-01-03
semi_ensemble,GB,Deaths,0.147755149845384,2022-01-03
semi_ensemble,PL,Cases,0.39044547359144,2022-01-03
semi_ensemble,PL,Deaths,0.266115085799098,2022-01-03
stat_ensemble,CZ,Cases,0.313690904759528,2022-01-03
stat_ensemble,CZ,Deaths,0.430000348474956,2022-01-03
stat_ensemble,DE,Cases,0.415759506967981,2022-01-03
stat_ensemble,DE,Deaths,0.259534436059901,2022-01-03
stat_ensemble,FR,Cases,0.200344506633406,2022-01-03
stat_ensemble,FR,Deaths,0.729600376342942,2022-01-03
stat_ensemble,GB,Cases,0.273242983140031,2022-01-03
stat_ensemble,GB,Deaths,0.480606448628673,2022-01-03
stat_ensemble,PL,Cases,0.369780058677315,2022-01-03
stat_ensemble,PL,Deaths,0.39858995481375,2022-01-03
mech_ensemble,CZ,Cases,0.140794435081661,2022-01-10
mech_ensemble,CZ,Deaths,0.230220711888368,2022-01-10
mech_ensemble,DE,Cases,0.342327924550823,2022-01-10
mech_ensemble,DE,Deaths,0.449729134163367,2022-01-10
mech_ensemble,FR,Cases,0.451465871806511,2022-01-10
mech_ensemble,FR,Deaths,0.179261126371046,2022-01-10
mech_ensemble,GB,Cases,0.435771351260351,2022-01-10
mech_ensemble,GB,Deaths,0.455343307470625,2022-01-10
mech_ensemble,PL,Cases,0.323835720868039,2022-01-10
mech_ensemble,PL,Deaths,0.371612586591163,2022-01-10
semi_ensemble,CZ,Cases,0.479968077148614,2022-01-10
semi_ensemble,CZ,Deaths,0.315961064844653,2022-01-10
semi_ensemble,DE,Cases,0.343221901016247,2022-01-10
semi_ensemble,DE,Deaths,0.321439292043855,2022-01-10
semi_ensemble,FR,Cases,0.348390239979459,2022-01-10
semi_ensemble,FR,Deaths,0.156235411577499,2022-01-10
semi_ensemble,GB,Cases,0.33139649938602,2022-01-10
semi_ensemble,GB,Deaths,0.190632811877118,2022-01-10
semi_ensemble,PL,Cases,0.347126556755377,2022-01-10
semi_ensemble,PL,Deaths,0.316405426452278,2022-01-10
stat_ensemble,CZ,Cases,0.379237487769725,2022-01-10
stat_ensemble,CZ,Deaths,0.453818223266979,2022-01-10
stat_ensemble,DE,Cases,0.314450174432931,2022-01-10
stat_ensemble,DE,Deaths,0.228831573792778,2022-01-10
stat_ensemble,FR,Cases,0.20014388821403,2022-01-10
stat_ensemble,FR,Deaths,0.664503462051455,2022-01-10
stat_ensemble,GB,Cases,0.23283214935363,2022-01-10
stat_ensemble,GB,Deaths,0.354023880652257,2022-01-10
stat_ensemble,PL,Cases,0.329037722376584,2022-01-10
stat_ensemble,PL,Deaths,0.311981986956559,2022-01-10
mech_ensemble,CZ,Cases,0.230065698558327,2022-01-17
mech_ensemble,CZ,Deaths,0.210160650603988,2022-01-17
mech_ensemble,DE,Cases,0.360753590260078,2022-01-17
mech_ensemble,DE,Deaths,0.438628317374034,2022-01-17
mech_ensemble,FR,Cases,0.544114597057129,2022-01-17
mech_ensemble,FR,Deaths,0.164675688724792,2022-01-17
mech_ensemble,GB,Cases,0.40888553215746,2022-01-17
mech_ensemble,GB,Deaths,0.478214760420744,2022-01-17
mech_ensemble,PL,Cases,0.352269826100835,2022-01-17
mech_ensemble,PL,Deaths,0.431301148741244,2022-01-17
semi_ensemble,CZ,Cases,0.407719273477909,2022-01-17
semi_ensemble,CZ,Deaths,0.306639340548145,2022-01-17
semi_ensemble,DE,Cases,0.347616179383926,2022-01-17
semi_ensemble,DE,Deaths,0.289513259771201,2022-01-17
semi_ensemble,FR,Cases,0.256567766879678,2022-01-17
semi_ensemble,FR,Deaths,0.112553023931921,2022-01-17
semi_ensemble,GB,Cases,0.27013888590918,2022-01-17
semi_ensemble,GB,Deaths,0.240931506587543,2022-01-17
semi_ensemble,PL,Cases,0.342288360712018,2022-01-17
semi_ensemble,PL,Deaths,0.306665734770499,2022-01-17
stat_ensemble,CZ,Cases,0.362215027963764,2022-01-17
stat_ensemble,CZ,Deaths,0.483200008847867,2022-01-17
stat_ensemble,DE,Cases,0.291630230355996,2022-01-17
stat_ensemble,DE,Deaths,0.271858422854765,2022-01-17
stat_ensemble,FR,Cases,0.199317636063193,2022-01-17
stat_ensemble,FR,Deaths,0.722771287343287,2022-01-17
stat_ensemble,GB,Cases,0.32097558193336,2022-01-17
stat_ensemble,GB,Deaths,0.280853732991714,2022-01-17
stat_ensemble,PL,Cases,0.305441813187147,2022-01-17
stat_ensemble,PL,Deaths,0.262033116488257,2022-01-17
mech_ensemble,CZ,Cases,0.443358648849003,2022-01-24
mech_ensemble,CZ,Deaths,0.455178749134003,2022-01-24
mech_ensemble,DE,Cases,0.387008125624988,2022-01-24
mech_ensemble,DE,Deaths,0.327992135329599,2022-01-24
mech_ensemble,FR,Cases,0.725368639508133,2022-01-24
mech_ensemble,FR,Deaths,0.195544436629792,2022-01-24
mech_ensemble,GB,Cases,0.349346789185123,2022-01-24
mech_ensemble,GB,Deaths,0.519447431898185,2022-01-24
mech_ensemble,PL,Cases,0.429449284371083,2022-01-24
mech_ensemble,PL,Deaths,0.373622756862207,2022-01-24
semi_ensemble,CZ,Cases,0.301803926354223,2022-01-24
semi_ensemble,CZ,Deaths,0.231649896291152,2022-01-24
semi_ensemble,DE,Cases,0.339940791159971,2022-01-24
semi_ensemble,DE,Deaths,0.233211759157479,2022-01-24
semi_ensemble,FR,Cases,0.134116252151858,2022-01-24
semi_ensemble,FR,Deaths,0.0463910975711141,2022-01-24
semi_ensemble,GB,Cases,0.223189627541672,2022-01-24
semi_ensemble,GB,Deaths,0.198459740085473,2022-01-24
semi_ensemble,PL,Cases,0.31186297976131,2022-01-24
semi_ensemble,PL,Deaths,0.426029871375626,2022-01-24
stat_ensemble,CZ,Cases,0.254837424796774,2022-01-24
stat_ensemble,CZ,Deaths,0.313171354574846,2022-01-24
stat_ensemble,DE,Cases,0.273051083215041,2022-01-24
stat_ensemble,DE,Deaths,0.438796105512923,2022-01-24
stat_ensemble,FR,Cases,0.140515108340009,2022-01-24
stat_ensemble,FR,Deaths,0.758064465799094,2022-01-24
stat_ensemble,GB,Cases,0.427463583273205,2022-01-24
stat_ensemble,GB,Deaths,0.282092828016342,2022-01-24
stat_ensemble,PL,Cases,0.258687735867607,2022-01-24
stat_ensemble,PL,Deaths,0.200347371762167,2022-01-24
mech_ensemble,CZ,Cases,0.426324387812156,2022-01-31
mech_ensemble,CZ,Deaths,0.440434387599653,2022-01-31
mech_ensemble,DE,Cases,0.430303219642199,2022-01-31
mech_ensemble,DE,Deaths,0.311627091925514,2022-01-31
mech_ensemble,FR,Cases,0.704200129499601,2022-01-31
mech_ensemble,FR,Deaths,0.255136041493613,2022-01-31
mech_ensemble,GB,Cases,0.357574591554154,2022-01-31
mech_ensemble,GB,Deaths,0.561843340862001,2022-01-31
mech_ensemble,PL,Cases,0.364426550269759,2022-01-31
mech_ensemble,PL,Deaths,0.502462317964929,2022-01-31
semi_ensemble,CZ,Cases,0.302368368370836,2022-01-31
semi_ensemble,CZ,Deaths,0.239631558925601,2022-01-31
semi_ensemble,DE,Cases,0.349684602371818,2022-01-31
semi_ensemble,DE,Deaths,0.194998320195104,2022-01-31
semi_ensemble,FR,Cases,0.0651132538136927,2022-01-31
semi_ensemble,FR,Deaths,0.0246774472924625,2022-01-31
semi_ensemble,GB,Cases,0.16245300635755,2022-01-31
semi_ensemble,GB,Deaths,0.090216597291808,2022-01-31
semi_ensemble,PL,Cases,0.357833920504717,2022-01-31
semi_ensemble,PL,Deaths,0.356184234021336,2022-01-31
stat_ensemble,CZ,Cases,0.271307243817008,2022-01-31
stat_ensemble,CZ,Deaths,0.319934053474746,2022-01-31
stat_ensemble,DE,Cases,0.220012177985983,2022-01-31
stat_ensemble,DE,Deaths,0.493374587879382,2022-01-31
stat_ensemble,FR,Cases,0.230686616686706,2022-01-31
stat_ensemble,FR,Deaths,0.720186511213924,2022-01-31
stat_ensemble,GB,Cases,0.479972402088296,2022-01-31
stat_ensemble,GB,Deaths,0.347940061846191,2022-01-31
stat_ensemble,PL,Cases,0.277739529225525,2022-01-31
stat_ensemble,PL,Deaths,0.141353448013734,2022-01-31
